page,page_title,line_item,col_1,col_2,col_3,col_4,col_5,col_6,col_7,col_8,col_9
1,2Q2025,July,"23,",2025,,,,,,,
2,Consolidated Statements of Income,Service,"$ 25,292","$ 25,006",1.1 %,"$ 50,430","$ 49,848",1.2 %,,,
2,Consolidated Statements of Income,Equipment,"5,555","4,791",15.9 %,"11,043","9,977",10.7 %,,,
2,Consolidated Statements of Income,Total Operating Revenues,"30,847","29,797",3.5 %,"61,473","59,825",2.8 %,,,
2,Consolidated Statements of Income,Equipment,"5,738","4,815",19.2 %,"11,432","9,958",14.8 %,,,
2,Consolidated Statements of Income,and amortization shown separately below),"6,412","6,627",(3.2) %,"12,751","13,438",(5.1) %,,,
2,Consolidated Statements of Income,"Selling, general and administrative","6,945","7,043",(1.4) %,"14,090","14,064",0.2 %,,,
2,Consolidated Statements of Income,Asset impairments and abandonments and restructuring,,480,%,504,639,(21.1) %,,,
2,Consolidated Statements of Income,Depreciation and amortization,"5,251","5,072",3.5 %,"10,441","10,119",3.2 %,,,
2,Consolidated Statements of Income,Total Operating Expenses,"24,346","24,037",1.3 %,"49,218","48,218",2.1 %,,,
2,Consolidated Statements of Income,Operating Income,"6,501","5,760",12.9 %,"12,255","11,607",5.6 %,,,
2,Consolidated Statements of Income,Interest Expense,"1,655","1,699",(2.6) %,"3,313","3,423",(3.2) %,,,
2,Consolidated Statements of Income,Equity in Net Income of Affiliates,485,348,39.4 %,"1,925",643,%,,,
2,Consolidated Statements of Income,Other Income (Expense) — Net,767,682,12.5 %,"1,222","1,133",7.9 %,,,
2,Consolidated Statements of Income,Income Before Income Taxes,"6,098","5,091",19.8 %,"12,089","9,960",21.4 %,,,
2,Consolidated Statements of Income,Income Tax Expense,"1,237","1,142",8.3 %,"2,536","2,260",12.2 %,,,
2,Consolidated Statements of Income,Net Income,"4,861","3,949",23.1 %,"9,553","7,700",24.1 %,,,
2,Consolidated Statements of Income,Net Income Attributable to Noncontrolling Interest,(361),(352),(2.6) %,(702),(658),(6.7) %,,,
2,Consolidated Statements of Income,Net Income Attributable to AT&T,"$ 4,500","$ 3,597",25.1 %,"$ 8,851","$ 7,042",25.7 %,,,
2,Consolidated Statements of Income,Preferred Stock Dividends and Redemption Gain,(36),(51),29.4 %,8,(101),%,,,
2,Consolidated Statements of Income,Net Income Attributable to Common Stock,"$ 4,464","$ 3,546",25.9 %,"$ 8,859","$ 6,941",27.6 %,,,
2,Consolidated Statements of Income,Common Stock,$ 0.62,$ 0.49,26.5 %,$ 1.22,$ 0.96,27.1 %,,,
2,Consolidated Statements of Income,Outstanding,"(000,000)","7,209","7,196",0.2 %,"7,211","7,194",0.2 %,,
2,Consolidated Statements of Income,Common Stock,$ 0.62,$ 0.49,26.5 %,$ 1.22,$ 0.96,27.1 %,,,
2,Consolidated Statements of Income,Outstanding with Dilution,"(000,000)","7,219","7,198",0.3 %,"7,221","7,195",0.4 %,,
3,Consolidated Balance Sheets,"Jun. 30, Dec.","31,",,,,,,,,
3,Consolidated Balance Sheets,Cash and cash equivalents,"$ 10,499","$ 3,298",,,,,,,
3,Consolidated Balance Sheets,Accounts receivable – net of related allowances for credit loss of $392 and,$375,"8,844","9,638",,,,,,
3,Consolidated Balance Sheets,Inventories,"2,357","2,270",,,,,,,
3,Consolidated Balance Sheets,Prepaid and other current assets,"17,606","15,962",,,,,,,
3,Consolidated Balance Sheets,Total current assets,"39,306","31,168",,,,,,,
3,Consolidated Balance Sheets,"Property, Plant and Equipment – Net","129,094","128,871",,,,,,,
3,Consolidated Balance Sheets,Goodwill – Net,"63,432","63,432",,,,,,,
3,Consolidated Balance Sheets,Licenses – Net,"127,543","127,035",,,,,,,
3,Consolidated Balance Sheets,Other Intangible Assets – Net,"5,255","5,255",,,,,,,
3,Consolidated Balance Sheets,Investments in and Advances to Equity Affiliates,"1,011",295,,,,,,,
3,Consolidated Balance Sheets,Operating Lease Right-Of-Use Assets,"21,494","20,909",,,,,,,
3,Consolidated Balance Sheets,Other Assets,"18,356","17,830",,,,,,,
3,Consolidated Balance Sheets,Total Assets,"$ 405,491","$ 394,795",,,,,,,
3,Consolidated Balance Sheets,Debt maturing within one year,"$ 9,254","$ 5,089",,,,,,,
3,Consolidated Balance Sheets,Accounts payable and accrued liabilities,"33,289","35,657",,,,,,,
3,Consolidated Balance Sheets,Advanced billings and customer deposits,"3,999","4,099",,,,,,,
3,Consolidated Balance Sheets,Dividends payable,"2,023","2,027",,,,,,,
3,Consolidated Balance Sheets,Total current liabilities,"48,565","46,872",,,,,,,
3,Consolidated Balance Sheets,Long-Term Debt,"123,057","118,443",,,,,,,
3,Consolidated Balance Sheets,Noncurrent deferred tax liabilities,"59,786","58,939",,,,,,,
3,Consolidated Balance Sheets,Postemployment benefit obligation,"9,079","9,025",,,,,,,
3,Consolidated Balance Sheets,Operating lease liabilities,"17,762","17,391",,,,,,,
3,Consolidated Balance Sheets,Other noncurrent liabilities,"23,865","23,900",,,,,,,
3,Consolidated Balance Sheets,Total deferred credits and other noncurrent liabilities,"110,492","109,255",,,,,,,
3,Consolidated Balance Sheets,Redeemable Noncontrolling Interest,"1,983","1,980",,,,,,,
3,Consolidated Balance Sheets,Preferred stock,,,,,,,,,
3,Consolidated Balance Sheets,Common stock,"7,621","7,621",,,,,,,
3,Consolidated Balance Sheets,Additional paid-in capital,"106,381","109,108",,,,,,,
3,Consolidated Balance Sheets,Retained earnings,"6,680","1,871",,,,,,,
3,Consolidated Balance Sheets,Treasury stock,"(15,210)","(15,023)",,,,,,,
3,Consolidated Balance Sheets,Accumulated other comprehensive income (loss),(200),795,,,,,,,
3,Consolidated Balance Sheets,Noncontrolling interest,"16,122","13,873",,,,,,,
3,Consolidated Balance Sheets,Total stockholders’ equity,"121,394","118,245",,,,,,,
3,Consolidated Balance Sheets,Total Liabilities and Stockholders’ Equity,"$ 405,491","$ 394,795",,,,,,,
4,Consolidated Statements of Cash Flows,Net income,"$ 9,553","$ 7,700",,,,,,,
4,Consolidated Statements of Cash Flows,Depreciation and amortization,"10,441","10,119",,,,,,,
4,Consolidated Statements of Cash Flows,Provision for uncollectible accounts,"1,037",942,,,,,,,
4,Consolidated Statements of Cash Flows,Asset impairments and abandonments and restructuring,504,639,,,,,,,
4,Consolidated Statements of Cash Flows,Pension and postretirement benefit expense (credit),(794),(941),,,,,,,
4,Consolidated Statements of Cash Flows,Net (gain) loss on investments,(31),185,,,,,,,
4,Consolidated Statements of Cash Flows,Receivables,(247),130,,,,,,,
4,Consolidated Statements of Cash Flows,Equipment installment receivables and related sales,"1,115",(320),,,,,,,
4,Consolidated Statements of Cash Flows,Contract asset and cost deferral,(299),321,,,,,,,
4,Consolidated Statements of Cash Flows,"Inventories, prepaid and other current assets",(317),419,,,,,,,
4,Consolidated Statements of Cash Flows,Accounts payable and other accrued liabilities,"(4,440)","(4,761)",,,,,,,
4,Consolidated Statements of Cash Flows,Changes in income taxes,"1,663","1,976",,,,,,,
4,Consolidated Statements of Cash Flows,Postretirement claims and contributions,(103),(93),,,,,,,
4,Consolidated Statements of Cash Flows,Other - net,730,324,,,,,,,
4,Consolidated Statements of Cash Flows,Total adjustments,"9,259","8,940",,,,,,,
4,Consolidated Statements of Cash Flows,Net Cash Provided by Operating Activities,"18,812","16,640",,,,,,,
4,Consolidated Statements of Cash Flows,Capital expenditures,"(9,174)","(8,118)",,,,,,,
4,Consolidated Statements of Cash Flows,"Acquisitions, net of cash acquired",(48),(270),,,,,,,
4,Consolidated Statements of Cash Flows,Dispositions,40,14,,,,,,,
4,Consolidated Statements of Cash Flows,Distributions from DIRECTV in excess of cumulative equity in earnings,,586,,,,,,,
4,Consolidated Statements of Cash Flows,"(Purchases), sales and settlements of securities and investments - net","(1,084)","1,147",,,,,,,
4,Consolidated Statements of Cash Flows,Other - net,(778),(336),,,,,,,
4,Consolidated Statements of Cash Flows,Net Cash Used in Investing Activities,"(11,044)","(6,977)",,,,,,,
4,Consolidated Statements of Cash Flows,Net change in short-term borrowings with original maturities of three months or less,,"2,686",,,,,,,
4,Consolidated Statements of Cash Flows,Issuance of other short-term borrowings,,491,,,,,,,
4,Consolidated Statements of Cash Flows,Repayment of other short-term borrowings,,"(2,487)",,,,,,,
4,Consolidated Statements of Cash Flows,Issuance of long-term debt,"6,429",2,,,,,,,
4,Consolidated Statements of Cash Flows,Repayment of long-term debt,"(1,620)","(6,910)",,,,,,,
4,Consolidated Statements of Cash Flows,Payment of vendor financing,(423),"(1,391)",,,,,,,
4,Consolidated Statements of Cash Flows,Redemption of preferred stock,"(2,075)",,,,,,,,
4,Consolidated Statements of Cash Flows,Purchase of treasury stock,"(1,179)",(159),,,,,,,
4,Consolidated Statements of Cash Flows,Issuance of treasury stock,17,,,,,,,,
4,Consolidated Statements of Cash Flows,Issuance of preferred interests in subsidiary,"2,221",,,,,,,,
4,Consolidated Statements of Cash Flows,Dividends paid,"(4,135)","(4,133)",,,,,,,
4,Consolidated Statements of Cash Flows,Other - net,167,"(1,392)",,,,,,,
4,Consolidated Statements of Cash Flows,Net Cash Used in Financing Activities,(598),"(13,293)",,,,,,,
4,Consolidated Statements of Cash Flows,Net increase (decrease) in cash and cash equivalents and restricted cash,"7,170","(3,630)",,,,,,,
4,Consolidated Statements of Cash Flows,Cash and cash equivalents and restricted cash beginning of year,"3,406","6,833",,,,,,,
4,Consolidated Statements of Cash Flows,Cash and Cash Equivalents and Restricted Cash End of Period,"$ 10,576","$ 3,203",,,,,,,
5,Supplementary Financial Data,Purchase of property and equipment,"$ 4,857","$ 4,321",12.4 %,"$ 9,097","$ 8,042",13.1 %,,,
5,Supplementary Financial Data,Interest during construction,40,39,2.6 %,77,76,1.3 %,,,
5,Supplementary Financial Data,Total Capital Expenditures,"$ 4,897","$ 4,360",12.3 %,"$ 9,174","$ 8,118",13.0 %,,,
5,Supplementary Financial Data,Business acquisitions,$,$,%,$,$,%,,,
5,Supplementary Financial Data,Spectrum acquisitions,13,2,%,14,147,(90.5) %,,,
5,Supplementary Financial Data,Interest during construction - spectrum,15,57,(73.7) %,34,123,(72.4) %,,,
5,Supplementary Financial Data,Total Acquisitions,$ 28,$ 59,(52.5) %,$ 48,$ 270,(82.2) %,,,
5,Supplementary Financial Data,Cash paid for interest,"$ 1,512","$ 1,567",(3.5) %,"$ 3,316","$ 3,644",(9.0) %,,,
5,Supplementary Financial Data,"Cash paid for income taxes, net of (refunds)",$ 869,$ 308,%,$ 880,$ 299,%,,,
5,Supplementary Financial Data,Dividends Declared per Common Share,$ 0.2775,$ 0.2775,%,$ 0.5550,$ 0.5550,%,,,
5,Supplementary Financial Data,Total Employees,"137,550","146,040",(5.8) %,,,,,,
6,COMMUNICATIONS SEGMENT,Mobility,"$ 21,845","$ 20,480",6.7 %,"$ 43,415","$ 41,074",5.7 %,,,
6,COMMUNICATIONS SEGMENT,Business Wireline,"4,313","4,755",(9.3) %,"8,781","9,668",(9.2) %,,,
6,COMMUNICATIONS SEGMENT,Consumer Wireline,"3,541","3,347",5.8 %,"7,063","6,697",5.5 %,,,
6,COMMUNICATIONS SEGMENT,Total Segment Operating Revenues,"29,699","28,582",3.9 %,"59,259","57,439",3.2 %,,,
6,COMMUNICATIONS SEGMENT,Mobility,"6,931","6,719",3.2 %,"13,671","13,187",3.7 %,,,
6,COMMUNICATIONS SEGMENT,Business Wireline,(201),102,%,(299),166,%,,,
6,COMMUNICATIONS SEGMENT,Consumer Wireline,335,184,82.1 %,684,397,72.3 %,,,
6,COMMUNICATIONS SEGMENT,Total Segment Operating Income,"$ 7,065","$ 7,005",0.9 %,"$ 14,056","$ 13,750",2.2 %,,,
7,Mobility,Service,"$ 16,853","$ 16,277",3.5 %,"$ 33,504","$ 32,271",3.8 %,,,
7,Mobility,Equipment,"4,992","4,203",18.8 %,"9,911","8,803",12.6 %,,,
7,Mobility,Total Operating Revenues,"21,845","20,480",6.7 %,"43,415","41,074",5.7 %,,,
7,Mobility,Operations and support,"12,358","11,285",9.5 %,"24,662","22,924",7.6 %,,,
7,Mobility,Depreciation and amortization,"2,556","2,476",3.2 %,"5,082","4,963",2.4 %,,,
7,Mobility,Total Operating Expenses,"14,914","13,761",8.4 %,"29,744","27,887",6.7 %,,,
7,Mobility,Operating Income,"$ 6,931","$ 6,719",3.2 %,"$ 13,671","$ 13,187",3.7 %,,,
7,Mobility,Postpaid,"89,928","87,999",2.2 %,,,,,,
7,Mobility,Postpaid phone,"73,408","71,930",2.1 %,,,,,,
7,Mobility,Prepaid,"18,768","19,271",(2.6) %,,,,,,
7,Mobility,Reseller,"9,549","8,204",16.4 %,,,,,,
7,Mobility,Total Mobility Subscribers,"118,245","115,474",2.4 %,,,,,,
7,Mobility,Postpaid Phone Net Additions,401,419,(4.3) %,725,768,(5.6) %,,,
7,Mobility,Total Phone Net Additions,367,454,(19.2) %,671,804,(16.5) %,,,
7,Mobility,Postpaid,479,593,(19.2) %,769,982,(21.7) %,,,
7,Mobility,Prepaid,(152),82,%,(186),83,%,,,
7,Mobility,Reseller,(38),322,%,(174),673,%,,,
7,Mobility,Total Mobility Net Additions1,289,997,(71.0) %,409,"1,738",(76.5) %,,,
8,Business Wireline,Legacy and other transitional services,"$ 2,349","$ 2,839",(17.3) %,"$ 4,824","$ 5,836",(17.3) %,,,
8,Business Wireline,Fiber and advanced connectivity services,"1,793","1,732",3.5 %,"3,573","3,435",4.0 %,,,
8,Business Wireline,Equipment,171,184,(7.1) %,384,397,(3.3) %,,,
8,Business Wireline,Total Operating Revenues,"4,313","4,755",(9.3) %,"8,781","9,668",(9.2) %,,,
8,Business Wireline,Operations and support,"2,993","3,267",(8.4) %,"6,061","6,754",(10.3) %,,,
8,Business Wireline,Depreciation and amortization,"1,521","1,386",9.7 %,"3,019","2,748",9.9 %,,,
8,Business Wireline,Total Operating Expenses,"4,514","4,653",(3.0) %,"9,080","9,502",(4.4) %,,,
8,Business Wireline,Operating Income (Loss),$ (201),$ 102,%,$ (299),$ 166,%,,,
9,Consumer Wireline,Broadband,"$ 3,028","$ 2,741",10.5 %,"$ 6,012","$ 5,463",10.0 %,,,
9,Consumer Wireline,Legacy voice and data services,265,323,(18.0) %,551,665,(17.1) %,,,
9,Consumer Wireline,Other service and equipment,248,283,(12.4) %,500,569,(12.1) %,,,
9,Consumer Wireline,Total Operating Revenues,"3,541","3,347",5.8 %,"7,063","6,697",5.5 %,,,
9,Consumer Wireline,Operations and support,"2,248","2,249",%,"4,472","4,505",(0.7) %,,,
9,Consumer Wireline,Depreciation and amortization,958,914,4.8 %,"1,907","1,795",6.2 %,,,
9,Consumer Wireline,Total Operating Expenses,"3,206","3,163",1.4 %,"6,379","6,300",1.3 %,,,
9,Consumer Wireline,Operating Income,$ 335,$ 184,82.1 %,$ 684,$ 397,72.3 %,,,
9,Consumer Wireline,Broadband1,"14,262","13,836",3.1 %,,,,,,
9,Consumer Wireline,Fiber Broadband Connections,"9,835","8,798",11.8 %,,,,,,
9,Consumer Wireline,"Broadband Net Additions1,2",150,52,%,287,107,%,,,
9,Consumer Wireline,Fiber Broadband Net Additions,243,239,1.7 %,504,491,2.6 %,,,
10,LATIN AMERICA SEGMENT,Wireless service,$ 662,$ 699,(5.3) %,"$ 1,277","$ 1,389",(8.1) %,,,
10,LATIN AMERICA SEGMENT,Wireless equipment,392,404,(3.0) %,748,777,(3.7) %,,,
10,LATIN AMERICA SEGMENT,Total Segment Operating Revenues,"1,054","1,103",(4.4) %,"2,025","2,166",(6.5) %,,,
10,LATIN AMERICA SEGMENT,Operations and support,853,925,(7.8) %,"1,631","1,808",(9.8) %,,,
10,LATIN AMERICA SEGMENT,Depreciation and amortization,155,172,(9.9) %,305,349,(12.6) %,,,
10,LATIN AMERICA SEGMENT,Total Segment Operating Expenses,"1,008","1,097",(8.1) %,"1,936","2,157",(10.2) %,,,
10,LATIN AMERICA SEGMENT,Operating Income,$ 46,$ 6,%,$ 89,$ 9,%,,,
10,LATIN AMERICA SEGMENT,Postpaid,"6,180","5,494",12.5 %,,,,,,
10,LATIN AMERICA SEGMENT,Prepaid,"17,440","16,809",3.8 %,,,,,,
10,LATIN AMERICA SEGMENT,Reseller,223,333,(33.0) %,,,,,,
10,LATIN AMERICA SEGMENT,Total Mexico Wireless Subscribers,"23,843","22,636",5.3 %,,,,,,
10,LATIN AMERICA SEGMENT,Postpaid,183,142,28.9 %,343,258,32.9 %,,,
10,LATIN AMERICA SEGMENT,Prepaid,64,67,(4.5) %,(46),146,%,,,
10,LATIN AMERICA SEGMENT,Reseller,(12),(32),62.5 %,(30),(84),64.3 %,,,
10,LATIN AMERICA SEGMENT,Total Mexico Wireless Net Additions,235,177,32.8 %,267,320,(16.6) %,,,
11,SUPPLEMENTAL SEGMENT RECONCILIATION,June,"30,",2025,,,,,,,
11,SUPPLEMENTAL SEGMENT RECONCILIATION,Mobility,"$ 21,845","$ 12,358","$ 2,556","$ 6,931",,,,,
11,SUPPLEMENTAL SEGMENT RECONCILIATION,Business Wireline,"4,313","2,993","1,521",(201),,,,,
11,SUPPLEMENTAL SEGMENT RECONCILIATION,Consumer Wireline,"3,541","2,248",958,335,,,,,
11,SUPPLEMENTAL SEGMENT RECONCILIATION,Total Communications,"29,699","17,599","5,035","7,065",,,,,
11,SUPPLEMENTAL SEGMENT RECONCILIATION,Latin America,"1,054",853,155,46,,,,,
11,SUPPLEMENTAL SEGMENT RECONCILIATION,Segment Total,"30,753","18,452","5,190","7,111",,,,,
11,SUPPLEMENTAL SEGMENT RECONCILIATION,DTV-related retained costs,,57,50,(107),,,,,
11,SUPPLEMENTAL SEGMENT RECONCILIATION,Parent administration support,(2),422,2,(426),,,,,
11,SUPPLEMENTAL SEGMENT RECONCILIATION,Securitization fees,30,174,,(144),,,,,
11,SUPPLEMENTAL SEGMENT RECONCILIATION,Value portfolio,66,11,,55,,,,,
11,SUPPLEMENTAL SEGMENT RECONCILIATION,Total Corporate,94,664,52,(622),,,,,
11,SUPPLEMENTAL SEGMENT RECONCILIATION,Certain significant items,,(21),9,12,,,,,
11,SUPPLEMENTAL SEGMENT RECONCILIATION,Total Corporate and Other,94,643,61,(610),,,,,
11,SUPPLEMENTAL SEGMENT RECONCILIATION,AT&T Inc.,"$ 30,847","$ 19,095","$ 5,251","$ 6,501",,,,,
11,SUPPLEMENTAL SEGMENT RECONCILIATION,June,"30,",2024,,,,,,,
11,SUPPLEMENTAL SEGMENT RECONCILIATION,Mobility,"$ 20,480","$ 11,285","$ 2,476","$ 6,719",,,,,
11,SUPPLEMENTAL SEGMENT RECONCILIATION,Business Wireline,"4,755","3,267","1,386",102,,,,,
11,SUPPLEMENTAL SEGMENT RECONCILIATION,Consumer Wireline,"3,347","2,249",914,184,,,,,
11,SUPPLEMENTAL SEGMENT RECONCILIATION,Total Communications,"28,582","16,801","4,776","7,005",,,,,
11,SUPPLEMENTAL SEGMENT RECONCILIATION,Latin America,"1,103",925,172,6,,,,,
11,SUPPLEMENTAL SEGMENT RECONCILIATION,Segment Total,"29,685","17,726","4,948","7,011",,,,,
11,SUPPLEMENTAL SEGMENT RECONCILIATION,DTV-related retained costs,,116,102,(218),,,,,
11,SUPPLEMENTAL SEGMENT RECONCILIATION,Parent administration support,,443,2,(445),,,,,
11,SUPPLEMENTAL SEGMENT RECONCILIATION,Securitization fees,29,150,,(121),,,,,
11,SUPPLEMENTAL SEGMENT RECONCILIATION,Value portfolio,83,25,5,53,,,,,
11,SUPPLEMENTAL SEGMENT RECONCILIATION,Total Corporate,112,734,109,(731),,,,,
11,SUPPLEMENTAL SEGMENT RECONCILIATION,Certain significant items,,505,15,(520),,,,,
11,SUPPLEMENTAL SEGMENT RECONCILIATION,Total Corporate and Other,112,"1,239",124,"(1,251)",,,,,
11,SUPPLEMENTAL SEGMENT RECONCILIATION,AT&T Inc.,"$ 29,797","$ 18,965","$ 5,072","$ 5,760",,,,,
12,SUPPLEMENTAL SEGMENT RECONCILIATION,June,"30,",2025,,,,,,,
12,SUPPLEMENTAL SEGMENT RECONCILIATION,Mobility,"$ 43,415","$ 24,662","$ 5,082","$ 13,671",,,,,
12,SUPPLEMENTAL SEGMENT RECONCILIATION,Business Wireline,"8,781","6,061","3,019",(299),,,,,
12,SUPPLEMENTAL SEGMENT RECONCILIATION,Consumer Wireline,"7,063","4,472","1,907",684,,,,,
12,SUPPLEMENTAL SEGMENT RECONCILIATION,Total Communications,"59,259","35,195","10,008","14,056",,,,,
12,SUPPLEMENTAL SEGMENT RECONCILIATION,Latin America,"2,025","1,631",305,89,,,,,
12,SUPPLEMENTAL SEGMENT RECONCILIATION,Segment Total,"61,284","36,826","10,313","14,145",,,,,
12,SUPPLEMENTAL SEGMENT RECONCILIATION,DTV-related retained costs,,113,100,(213),,,,,
12,SUPPLEMENTAL SEGMENT RECONCILIATION,Parent administration support,(1),861,10,(872),,,,,
12,SUPPLEMENTAL SEGMENT RECONCILIATION,Securitization fees,58,388,,(330),,,,,
12,SUPPLEMENTAL SEGMENT RECONCILIATION,Value portfolio,132,21,,111,,,,,
12,SUPPLEMENTAL SEGMENT RECONCILIATION,Total Corporate,189,"1,383",110,"(1,304)",,,,,
12,SUPPLEMENTAL SEGMENT RECONCILIATION,Certain significant items,,568,18,(586),,,,,
12,SUPPLEMENTAL SEGMENT RECONCILIATION,Total Corporate and Other,189,"1,951",128,"(1,890)",,,,,
12,SUPPLEMENTAL SEGMENT RECONCILIATION,AT&T Inc.,"$ 61,473","$ 38,777","$ 10,441","$ 12,255",,,,,
12,SUPPLEMENTAL SEGMENT RECONCILIATION,June,"30,",2024,,,,,,,
12,SUPPLEMENTAL SEGMENT RECONCILIATION,Mobility,"$ 41,074","$ 22,924","$ 4,963","$ 13,187",,,,,
12,SUPPLEMENTAL SEGMENT RECONCILIATION,Business Wireline,"9,668","6,754","2,748",166,,,,,
12,SUPPLEMENTAL SEGMENT RECONCILIATION,Consumer Wireline,"6,697","4,505","1,795",397,,,,,
12,SUPPLEMENTAL SEGMENT RECONCILIATION,Total Communications,"57,439","34,183","9,506","13,750",,,,,
12,SUPPLEMENTAL SEGMENT RECONCILIATION,Latin America,"2,166","1,808",349,9,,,,,
12,SUPPLEMENTAL SEGMENT RECONCILIATION,Segment Total,"59,605","35,991","9,855","13,759",,,,,
12,SUPPLEMENTAL SEGMENT RECONCILIATION,DTV-related retained costs,,250,222,(472),,,,,
12,SUPPLEMENTAL SEGMENT RECONCILIATION,Parent administration support,,835,3,(838),,,,,
12,SUPPLEMENTAL SEGMENT RECONCILIATION,Securitization fees,55,315,,(260),,,,,
12,SUPPLEMENTAL SEGMENT RECONCILIATION,Value portfolio,165,51,9,105,,,,,
12,SUPPLEMENTAL SEGMENT RECONCILIATION,Total Corporate,220,"1,451",234,"(1,465)",,,,,
12,SUPPLEMENTAL SEGMENT RECONCILIATION,Certain significant items,,657,30,(687),,,,,
12,SUPPLEMENTAL SEGMENT RECONCILIATION,Total Corporate and Other,220,"2,108",264,"(2,152)",,,,,
12,SUPPLEMENTAL SEGMENT RECONCILIATION,AT&T Inc.,"$ 59,825","$ 38,099","$ 10,119","$ 11,607",,,,,
13,Discussion and Reconciliation of Non-GAAP Measures,Net Cash Provided by Operating Activities,"$ 9,763","$ 9,093","$ 18,812","$ 16,640",,,,,
13,Discussion and Reconciliation of Non-GAAP Measures,Less: Distributions from DIRECTV classified as operating activities,(503),(350),"(1,926)",(674),,,,,
13,Discussion and Reconciliation of Non-GAAP Measures,Less: Cash taxes paid on DIRECTV,251,121,251,270,,,,,
13,Discussion and Reconciliation of Non-GAAP Measures,Less: Capital expenditures,"(4,897)","(4,360)","(9,174)","(8,118)",,,,,
13,Discussion and Reconciliation of Non-GAAP Measures,Less: Payment of vendor financing,(220),(550),(423),"(1,391)",,,,,
13,Discussion and Reconciliation of Non-GAAP Measures,Free Cash Flow,"4,394","3,954","7,540","6,727",,,,,
13,Discussion and Reconciliation of Non-GAAP Measures,Less: Dividends paid,"(2,044)","(2,099)","(4,135)","(4,133)",,,,,
13,Discussion and Reconciliation of Non-GAAP Measures,Free Cash Flow after Dividends,"$ 2,350","$ 1,855","$ 3,405","$ 2,594",,,,,
13,Discussion and Reconciliation of Non-GAAP Measures,Free Cash Flow Dividend Payout Ratio,46.5 %,53.1 %,54.8 %,61.4 %,,,,,
13,Discussion and Reconciliation of Non-GAAP Measures,Capital expenditures,"$ (4,897)","$ (4,360)","$ (9,174)","$ (8,118)",,,,,
13,Discussion and Reconciliation of Non-GAAP Measures,Payment of vendor financing,(220),(550),(423),"(1,391)",,,,,
13,Discussion and Reconciliation of Non-GAAP Measures,Cash paid for Capital Investment,"$ (5,117)","$ (4,910)","$ (9,597)","$ (9,509)",,,,,
14,"control. Because we do not control these entities, management excludes these results when evaluating the performance of our",Net Income,"$ 4,861","$ 3,949","$ 9,553","$ 7,700",,,,,
14,"control. Because we do not control these entities, management excludes these results when evaluating the performance of our",Income Tax Expense,"1,237","1,142","2,536","2,260",,,,,
14,"control. Because we do not control these entities, management excludes these results when evaluating the performance of our",Interest Expense,"1,655","1,699","3,313","3,423",,,,,
14,"control. Because we do not control these entities, management excludes these results when evaluating the performance of our",Equity in Net (Income) of Affiliates,(485),(348),"(1,925)",(643),,,,,
14,"control. Because we do not control these entities, management excludes these results when evaluating the performance of our",Other (Income) Expense - Net,(767),(682),"(1,222)","(1,133)",,,,,
14,"control. Because we do not control these entities, management excludes these results when evaluating the performance of our",Depreciation and amortization,"5,251","5,072","10,441","10,119",,,,,
14,"control. Because we do not control these entities, management excludes these results when evaluating the performance of our",EBITDA,"11,752","10,832","22,696","21,726",,,,,
14,"control. Because we do not control these entities, management excludes these results when evaluating the performance of our","Transaction, legal and other costs",49,35,128,67,,,,,
14,"control. Because we do not control these entities, management excludes these results when evaluating the performance of our",Benefit-related (gain) loss,(70),(10),(64),(49),,,,,
14,"control. Because we do not control these entities, management excludes these results when evaluating the performance of our",Asset impairments and abandonments and restructuring,,480,504,639,,,,,
14,"control. Because we do not control these entities, management excludes these results when evaluating the performance of our",Adjusted EBITDA1,"$ 11,731","$ 11,337","$ 23,264","$ 22,383",,,,,
15,"Segment and Business Unit EBITDA, EBITDA Margin and EBITDA Service Margin",Operating Income,"$ 7,065","$ 7,005","$ 14,056","$ 13,750",,,,,
15,"Segment and Business Unit EBITDA, EBITDA Margin and EBITDA Service Margin",Add: Depreciation and amortization,"5,035","4,776","10,008","9,506",,,,,
15,"Segment and Business Unit EBITDA, EBITDA Margin and EBITDA Service Margin",EBITDA,"$ 12,100","$ 11,781","$ 24,064","$ 23,256",,,,,
15,"Segment and Business Unit EBITDA, EBITDA Margin and EBITDA Service Margin",Total Operating Revenues,"$ 29,699","$ 28,582","$ 59,259","$ 57,439",,,,,
15,"Segment and Business Unit EBITDA, EBITDA Margin and EBITDA Service Margin",Operating Income Margin,23.8 %,24.5 %,23.7 %,23.9 %,,,,,
15,"Segment and Business Unit EBITDA, EBITDA Margin and EBITDA Service Margin",EBITDA Margin,40.7 %,41.2 %,40.6 %,40.5 %,,,,,
15,"Segment and Business Unit EBITDA, EBITDA Margin and EBITDA Service Margin",Operating Income,"$ 6,931","$ 6,719","$ 13,671","$ 13,187",,,,,
15,"Segment and Business Unit EBITDA, EBITDA Margin and EBITDA Service Margin",Add: Depreciation and amortization,"2,556","2,476","5,082","4,963",,,,,
15,"Segment and Business Unit EBITDA, EBITDA Margin and EBITDA Service Margin",EBITDA,"$ 9,487","$ 9,195","$ 18,753","$ 18,150",,,,,
15,"Segment and Business Unit EBITDA, EBITDA Margin and EBITDA Service Margin",Total Operating Revenues,"$ 21,845","$ 20,480","$ 43,415","$ 41,074",,,,,
15,"Segment and Business Unit EBITDA, EBITDA Margin and EBITDA Service Margin",Service Revenues,"16,853","16,277","33,504","32,271",,,,,
15,"Segment and Business Unit EBITDA, EBITDA Margin and EBITDA Service Margin",Operating Income Margin,31.7 %,32.8 %,31.5 %,32.1 %,,,,,
15,"Segment and Business Unit EBITDA, EBITDA Margin and EBITDA Service Margin",EBITDA Margin,43.4 %,44.9 %,43.2 %,44.2 %,,,,,
15,"Segment and Business Unit EBITDA, EBITDA Margin and EBITDA Service Margin",EBITDA Service Margin,56.3 %,56.5 %,56.0 %,56.2 %,,,,,
15,"Segment and Business Unit EBITDA, EBITDA Margin and EBITDA Service Margin",Operating Income (Loss),$ (201),$ 102,$ (299),$ 166,,,,,
15,"Segment and Business Unit EBITDA, EBITDA Margin and EBITDA Service Margin",Add: Depreciation and amortization,"1,521","1,386","3,019","2,748",,,,,
15,"Segment and Business Unit EBITDA, EBITDA Margin and EBITDA Service Margin",EBITDA,"$ 1,320","$ 1,488","$ 2,720","$ 2,914",,,,,
15,"Segment and Business Unit EBITDA, EBITDA Margin and EBITDA Service Margin",Total Operating Revenues,"$ 4,313","$ 4,755","$ 8,781","$ 9,668",,,,,
15,"Segment and Business Unit EBITDA, EBITDA Margin and EBITDA Service Margin",Operating Income Margin,(4.7) %,2.1 %,(3.4) %,1.7 %,,,,,
15,"Segment and Business Unit EBITDA, EBITDA Margin and EBITDA Service Margin",EBITDA Margin,30.6 %,31.3 %,31.0 %,30.1 %,,,,,
15,"Segment and Business Unit EBITDA, EBITDA Margin and EBITDA Service Margin",Operating Income,$ 335,$ 184,$ 684,$ 397,,,,,
15,"Segment and Business Unit EBITDA, EBITDA Margin and EBITDA Service Margin",Add: Depreciation and amortization,958,914,"1,907","1,795",,,,,
15,"Segment and Business Unit EBITDA, EBITDA Margin and EBITDA Service Margin",EBITDA,"$ 1,293","$ 1,098","$ 2,591","$ 2,192",,,,,
15,"Segment and Business Unit EBITDA, EBITDA Margin and EBITDA Service Margin",Total Operating Revenues,"$ 3,541","$ 3,347","$ 7,063","$ 6,697",,,,,
15,"Segment and Business Unit EBITDA, EBITDA Margin and EBITDA Service Margin",Operating Income Margin,9.5 %,5.5 %,9.7 %,5.9 %,,,,,
15,"Segment and Business Unit EBITDA, EBITDA Margin and EBITDA Service Margin",EBITDA Margin,36.5 %,32.8 %,36.7 %,32.7 %,,,,,
15,"Segment and Business Unit EBITDA, EBITDA Margin and EBITDA Service Margin",Operating Income,$ 46,$ 6,$ 89,$ 9,,,,,
15,"Segment and Business Unit EBITDA, EBITDA Margin and EBITDA Service Margin",Add: Depreciation and amortization,155,172,305,349,,,,,
15,"Segment and Business Unit EBITDA, EBITDA Margin and EBITDA Service Margin",EBITDA,$ 201,$ 178,$ 394,$ 358,,,,,
15,"Segment and Business Unit EBITDA, EBITDA Margin and EBITDA Service Margin",Total Operating Revenues,"$ 1,054","$ 1,103","$ 2,025","$ 2,166",,,,,
15,"Segment and Business Unit EBITDA, EBITDA Margin and EBITDA Service Margin",Operating Income Margin,4.4 %,0.5 %,4.4 %,0.4 %,,,,,
15,"Segment and Business Unit EBITDA, EBITDA Margin and EBITDA Service Margin",EBITDA Margin,19.1 %,16.1 %,19.5 %,16.5 %,,,,,
16,Adjusting Items,"Transaction, legal and other costs1",$ 49,$ 35,$ 128,$ 67,,,,,
16,Adjusting Items,Benefit-related (gain) loss,(70),(10),(64),(49),,,,,
16,Adjusting Items,Asset impairments and abandonments and restructuring,,480,504,639,,,,,
16,Adjusting Items,Adjustments to Operations and Support Expenses,(21),505,568,657,,,,,
16,Adjusting Items,Amortization of intangible assets,9,15,18,30,,,,,
16,Adjusting Items,Adjustments to Operating Expenses,(12),520,586,687,,,,,
16,Adjusting Items,Equity in net income of DIRECTV,(503),(350),"(1,926)",(674),,,,,
16,Adjusting Items,"Benefit-related (gain) loss, impairments of investments and other",(189),(16),(125),238,,,,,
16,Adjusting Items,Adjustments to Income Before Income Taxes,(704),154,"(1,465)",251,,,,,
16,Adjusting Items,Tax impact of adjustments,(168),35,(333),57,,,,,
16,Adjusting Items,Adjustments to Net Income,$ (536),$ 119,"$ (1,132)",$ 194,,,,,
16,Adjusting Items,Preferred stock redemption gain,,,(90),,,,,,
16,Adjusting Items,Adjustments to Net Income Attributable to Common Stock,$ (536),$ 119,"$ (1,222)",$ 194,,,,,
17,"Adjusted Operating Income, Adjusted Operating Income Margin,",Operating Income,"$ 6,501","$ 5,760","$ 12,255","$ 11,607",,,,,
17,"Adjusted Operating Income, Adjusted Operating Income Margin,",Adjustments to Operating Expenses,(12),520,586,687,,,,,
17,"Adjusted Operating Income, Adjusted Operating Income Margin,",Adjusted Operating Income,"$ 6,489","$ 6,280","$ 12,841","$ 12,294",,,,,
17,"Adjusted Operating Income, Adjusted Operating Income Margin,",EBITDA,"$ 11,752","$ 10,832","$ 22,696","$ 21,726",,,,,
17,"Adjusted Operating Income, Adjusted Operating Income Margin,",Adjustments to Operations and Support Expenses,(21),505,568,657,,,,,
17,"Adjusted Operating Income, Adjusted Operating Income Margin,",Adjusted EBITDA,"$ 11,731","$ 11,337","$ 23,264","$ 22,383",,,,,
17,"Adjusted Operating Income, Adjusted Operating Income Margin,",Total Operating Revenues,"$ 30,847","$ 29,797","$ 61,473","$ 59,825",,,,,
17,"Adjusted Operating Income, Adjusted Operating Income Margin,",Operating Income Margin,21.1 %,19.3 %,19.9 %,19.4 %,,,,,
17,"Adjusted Operating Income, Adjusted Operating Income Margin,",Adjusted Operating Income Margin,21.0 %,21.1 %,20.9 %,20.5 %,,,,,
17,"Adjusted Operating Income, Adjusted Operating Income Margin,",Adjusted EBITDA Margin,38.0 %,38.0 %,37.8 %,37.4 %,,,,,
17,"Adjusted Operating Income, Adjusted Operating Income Margin,",Diluted Earnings Per Share (EPS),$ 0.62,$ 0.49,$ 1.22,$ 0.96,,,,,
17,"Adjusted Operating Income, Adjusted Operating Income Margin,",Equity in net income of DIRECTV,(0.05),(0.04),(0.21),(0.07),,,,,
17,"Adjusted Operating Income, Adjusted Operating Income Margin,",Restructuring and impairments,,0.05,0.05,0.11,,,,,
17,"Adjusted Operating Income, Adjusted Operating Income Margin,","Benefit-related, transaction, legal and other items",(0.03),0.01,(0.01),(0.01),,,,,
17,"Adjusted Operating Income, Adjusted Operating Income Margin,",Adjusted EPS,$ 0.54,$ 0.51,$ 1.05,$ 0.99,,,,,
17,"Adjusted Operating Income, Adjusted Operating Income Margin,",Year-over-year growth - Adjusted,5.9 %,6.1 %,,,,,,,
17,"Adjusted Operating Income, Adjusted Operating Income Margin,",Dilution,"(000,000)",,,,,,,,
18,Net Debt to Adjusted EBITDA,Net Debt to Adjusted EBITDA -,2025,,,,,,,,
18,Net Debt to Adjusted EBITDA,"Sept. 30, Dec. 31, March 31, June","30,",,,,,,,,
18,Net Debt to Adjusted EBITDA,Adjusted EBITDA,"$ 11,586","$ 10,791","$ 11,533","$ 11,731","$ 45,641",,,,
18,Net Debt to Adjusted EBITDA,End-of-period current debt,"9,254",,,,,,,,
18,Net Debt to Adjusted EBITDA,End-of-period long-term debt,"123,057",,,,,,,,
18,Net Debt to Adjusted EBITDA,Total End-of-Period Debt,"132,311",,,,,,,,
18,Net Debt to Adjusted EBITDA,Less: Cash and Cash Equivalents,"10,499",,,,,,,,
18,Net Debt to Adjusted EBITDA,Less: Time Deposits,"1,500",,,,,,,,
18,Net Debt to Adjusted EBITDA,Net Debt Balance,"120,312",,,,,,,,
18,Net Debt to Adjusted EBITDA,Annualized Net Debt to Adjusted EBITDA Ratio,2.64,,,,,,,,
18,Net Debt to Adjusted EBITDA,Net Debt to Adjusted EBITDA -,2024,,,,,,,,
18,Net Debt to Adjusted EBITDA,"Sept. 30, Dec. 31, March 31, June","30,",,,,,,,,
18,Net Debt to Adjusted EBITDA,Adjusted EBITDA,"$ 11,203","$ 10,555","$ 11,046","$ 11,337","$ 44,141",,,,
18,Net Debt to Adjusted EBITDA,End-of-period current debt,"5,249",,,,,,,,
18,Net Debt to Adjusted EBITDA,End-of-period long-term debt,"125,355",,,,,,,,
18,Net Debt to Adjusted EBITDA,Total End-of-Period Debt,"130,604",,,,,,,,
18,Net Debt to Adjusted EBITDA,Less: Cash and Cash Equivalents,"3,093",,,,,,,,
18,Net Debt to Adjusted EBITDA,Less: Time Deposits,650,,,,,,,,
18,Net Debt to Adjusted EBITDA,Net Debt Balance,"126,861",,,,,,,,
18,Net Debt to Adjusted EBITDA,Annualized Net Debt to Adjusted EBITDA Ratio,2.87,,,,,,,,
19,Supplemental Operational Measures,"June 30, 2025 June","30,",2024,,,,,,,
19,Supplemental Operational Measures,Wireless service,"$ 16,853",$,"$ (14,390)","$ 2,463","$ 16,277",$,"$ (13,809)","$ 2,468",(0.2) %
19,Supplemental Operational Measures,services,,"2,349",,"2,349",,"2,839",,"2,839",(17.3) %
19,Supplemental Operational Measures,connectivity services,,"1,793",,"1,793",,"1,732",,"1,732",3.5 %
19,Supplemental Operational Measures,Wireless equipment,"4,992",,"(4,168)",824,"4,203",,"(3,459)",744,10.8 %
19,Supplemental Operational Measures,Wireline equipment,,171,,171,,184,,184,(7.1) %
19,Supplemental Operational Measures,Total Operating Revenues,"21,845","4,313","(18,558)","7,600","20,480","4,755","(17,268)","7,967",(4.6) %
19,Supplemental Operational Measures,Operations and support,"12,358","2,993","(10,072)","5,279","11,285","3,267","(9,201)","5,351",(1.3) %
19,Supplemental Operational Measures,EBITDA,"9,487","1,320","(8,486)","2,321","9,195","1,488","(8,067)","2,616",(11.3) %
19,Supplemental Operational Measures,Depreciation and amortization,"2,556","1,521","(2,098)","1,979","2,476","1,386","(2,025)","1,837",7.7 %
19,Supplemental Operational Measures,Total Operating Expenses,"14,914","4,514","(12,170)","7,258","13,761","4,653","(11,226)","7,188",1.0 %
19,Supplemental Operational Measures,Operating Income (Loss),"$ 6,931",$ (201),"$ (6,388)",$ 342,"$ 6,719",$ 102,"$ (6,042)",$ 779,(56.1) %
19,Supplemental Operational Measures,"June 30, 2025 June","30,",2024,,,,,,,
19,Supplemental Operational Measures,Wireless service,"$ 33,504",$,"$ (28,592)","$ 4,912","$ 32,271",$,"$ (27,417)","$ 4,854",1.2 %
19,Supplemental Operational Measures,services,,"4,824",,"4,824",,"5,836",,"5,836",(17.3) %
19,Supplemental Operational Measures,connectivity services,,"3,573",,"3,573",,"3,435",,"3,435",4.0 %
19,Supplemental Operational Measures,Wireless equipment,"9,911",,"(8,304)","1,607","8,803",,"(7,293)","1,510",6.4 %
19,Supplemental Operational Measures,Wireline equipment,,384,,384,,397,,397,(3.3) %
19,Supplemental Operational Measures,Total Operating Revenues,"43,415","8,781","(36,896)","15,300","41,074","9,668","(34,710)","16,032",(4.6) %
19,Supplemental Operational Measures,Operations and support,"24,662","6,061","(20,178)","10,545","22,924","6,754","(18,727)","10,951",(3.7) %
19,Supplemental Operational Measures,EBITDA,"18,753","2,720","(16,718)","4,755","18,150","2,914","(15,983)","5,081",(6.4) %
19,Supplemental Operational Measures,Depreciation and amortization,"5,082","3,019","(4,160)","3,941","4,963","2,748","(4,058)","3,653",7.9 %
19,Supplemental Operational Measures,Total Operating Expenses,"29,744","9,080","(24,338)","14,486","27,887","9,502","(22,785)","14,604",(0.8) %
19,Supplemental Operational Measures,Operating Income,"$ 13,671",$ (299),"$ (12,558)",$ 814,"$ 13,187",$ 166,"$ (11,925)","$ 1,428",(43.0) %
